{
	"format_version": "1.21.70",
	"minecraft:entity": {
		"description": {
			"identifier": "minecraft:glow_squid",
			"spawn_category": "underground_water_creature",
			"is_spawnable": true,
			"is_summonable": true,
			"is_experimental": false
		},
		"component_groups": {
			"minecraft:squid_baby": {
				"minecraft:is_baby": {},
				"minecraft:scale": {
					"value": 0.5
				}
			}
		},
		"components": {
			"minecraft:damage_sensor": {
				"triggers": [
					{
						"on_damage": {
							"filters": {
								"all_of": [
									{
										"test": "has_tag",
										"subject": "other",
										"value": "deny_attack_animals"
									}
								]
							}
						},
						"deals_damage": "no"
					}
				]
			},
			"minecraft:is_hidden_when_invisible": {},
			"minecraft:experience_reward": {
				"on_death": "!query.is_baby&&query.last_hit_by_player?math.random(1,3):0"
			},
			"minecraft:nameable": {},
			"minecraft:type_family": {
				"family": [
					"aquatic",
					"squid",
					"mob"
				]
			},
			"minecraft:collision_box": {
				"width": 0.95,
				"height": 0.95
			},
			"minecraft:health": {
				"value": 10,
				"max": 10
			},
			"minecraft:despawn": {
				"despawn_from_distance": {}
			},
			"minecraft:hurt_on_condition": {
				"damage_conditions": [
					{
						"filters": {
							"test": "in_lava",
							"subject": "self",
							"operator": "==",
							"value": true
						},
						"cause": "lava",
						"damage_per_tick": 4
					}
				]
			},
			"minecraft:loot": {
				"table": "loot_tables/entities/glow_squid.json"
			},
			"minecraft:breathable": {
				"total_supply": 15,
				"suffocate_time": 0,
				"breathes_air": false,
				"breathes_water": true
			},
			"minecraft:movement": {
				"value": 0.2
			},
			"minecraft:navigation.walk": {
				"can_path_over_water": true,
				"can_sink": false
			},
			"minecraft:movement.basic": {},
			"minecraft:jump.static": {},
			"minecraft:can_climb": {},
			"minecraft:leashable": {
				"soft_distance": 4,
				"hard_distance": 6,
				"max_distance": 10
			},
			"minecraft:balloonable": {
				"mass": 0.5
			},
			"minecraft:behavior.squid_move_away_from_ground": {
				"priority": 1
			},
			"minecraft:behavior.squid_flee": {
				"priority": 2
			},
			"minecraft:behavior.squid_idle": {
				"priority": 2
			},
			"minecraft:behavior.squid_dive": {
				"priority": 2
			},
			"minecraft:behavior.squid_out_of_water": {
				"priority": 2
			},
			"minecraft:physics": {},
			"minecraft:pushable": {
				"is_pushable": true,
				"is_pushable_by_piston": true
			}
		},
		"events": {
			"minecraft:entity_spawned": {
				"randomize": [
					{
						"weight": 95,
						"remove": {},
						"add": {}
					},
					{
						"weight": 5,
						"remove": {},
						"add": {
							"component_groups": [
								"minecraft:squid_baby"
							]
						}
					}
				]
			}
		}
	}
}