{
	"format_version": "1.21.70",
	"minecraft:entity": {
		"description": {
			"identifier": "minecraft:sheep",
			"spawn_category": "creature",
			"is_spawnable": true,
			"is_summonable": true
		},
		"component_groups": {
			"minecraft:loot_sheared": {
				"minecraft:loot": {
					"table": "loot_tables/entities/sheep_sheared.json"
				}
			},
			"minecraft:loot_wooly": {
				"minecraft:loot": {
					"table": "loot_tables/entities/sheep.json"
				}
			},
			"minecraft:rideable_sheared": {
				"minecraft:rideable": {
					"seat_count": 1,
					"family_types": [
						"zombie"
					],
					"seats": {
						"position": [
							0,
							0.9,
							0
						]
					}
				}
			},
			"minecraft:rideable_wooly": {
				"minecraft:rideable": {
					"seat_count": 1,
					"family_types": [
						"zombie"
					],
					"seats": {
						"position": [
							0,
							0.975,
							0
						]
					}
				}
			},
			"minecraft:sheep_baby": {
				"minecraft:is_baby": {},
				"minecraft:scale": {
					"value": 0.5
				},
				"minecraft:ageable": {
					"duration": 1200,
					"feed_items": "wheat",
					"grow_up": {
						"event": "minecraft:ageable_grow_up",
						"target": "self"
					}
				},
				"minecraft:behavior.follow_parent": {
					"priority": 6,
					"speed_multiplier": 1.1
				}
			},
			"minecraft:sheep_adult": {
				"minecraft:experience_reward": {
					"on_bred": "math.random(1,7)",
					"on_death": "query.last_hit_by_player?math.random(1,3):0"
				},
				"minecraft:behavior.breed": {
					"priority": 3,
					"speed_multiplier": 1
				},
				"minecraft:breedable": {
					"require_tame": false,
					"combine_parent_colors": true,
					"breeds_with": {
						"mate_type": "minecraft:sheep",
						"baby_type": "minecraft:sheep"
					},
					"breed_items": "wheat"
				}
			},
			"minecraft:sheep_dyeable": {
				"minecraft:is_dyeable": {
					"interact_text": "action.interact.dye"
				}
			},
			"minecraft:sheep_sheared": {
				"minecraft:is_sheared": {}
			},
			"minecraft:sheep_white": {
				"minecraft:color": {
					"value": 0
				}
			},
			"minecraft:sheep_brown": {
				"minecraft:color": {
					"value": 12
				}
			},
			"minecraft:sheep_black": {
				"minecraft:color": {
					"value": 15
				}
			},
			"minecraft:sheep_gray": {
				"minecraft:color": {
					"value": 7
				}
			},
			"minecraft:sheep_light_gray": {
				"minecraft:color": {
					"value": 8
				}
			},
			"minecraft:sheep_pink": {
				"minecraft:color": {
					"value": 6
				}
			},
			"minecraft:sheep_red": {
				"minecraft:color": {
					"value": 14
				}
			},
			"minecraft:sheep_blue": {
				"minecraft:color": {
					"value": 11
				}
			},
			"minecraft:sheep_light_blue": {
				"minecraft:color": {
					"value": 3
				}
			},
			"minecraft:sheep_cyan": {
				"minecraft:color": {
					"value": 9
				}
			},
			"minecraft:sheep_orange": {
				"minecraft:color": {
					"value": 1
				}
			},
			"minecraft:sheep_yellow": {
				"minecraft:color": {
					"value": 4
				}
			}
		},
		"components": {
			"minecraft:damage_sensor": {
				"triggers": [
					{
						"on_damage": {
							"filters": {
								"all_of": [
									{
										"test": "has_tag",
										"subject": "other",
										"value": "deny_attack_animals"
									}
								]
							}
						},
						"deals_damage": "no"
					}
				]
			},
			"minecraft:is_hidden_when_invisible": {},
			"minecraft:type_family": {
				"family": [
					"sheep",
					"mob"
				]
			},
			"minecraft:breathable": {
				"total_supply": 15,
				"suffocate_time": 0
			},
			"minecraft:collision_box": {
				"width": 0.9,
				"height": 1.3
			},
			"minecraft:nameable": {},
			"minecraft:health": {
				"value": 8,
				"max": 8
			},
			"minecraft:hurt_on_condition": {
				"damage_conditions": [
					{
						"filters": {
							"test": "in_lava",
							"subject": "self",
							"operator": "==",
							"value": true
						},
						"cause": "lava",
						"damage_per_tick": 4
					}
				]
			},
			"minecraft:movement": {
				"value": 0.25
			},
			"minecraft:navigation.walk": {
				"can_path_over_water": true,
				"avoid_water": true
			},
			"minecraft:movement.basic": {},
			"minecraft:jump.static": {},
			"minecraft:can_climb": {},
			"minecraft:interact": {
				"interactions": [
					{
						"cooldown": 2.5,
						"use_item": false,
						"hurt_item": 1,
						"spawn_items": {
							"table": "loot_tables/entities/sheep_shear.json"
						},
						"play_sounds": "shear",
						"interact_text": "action.interact.shear",
						"vibration": "shear",
						"on_interact": {
							"filters": {
								"all_of": [
									{
										"test": "has_equipment",
										"subject": "other",
										"domain": "hand",
										"value": "shears"
									},
									{
										"test": "is_family",
										"subject": "other",
										"value": "player"
									},
									{
										"test": "has_component",
										"operator": "!=",
										"value": "minecraft:is_baby"
									},
									{
										"test": "has_component",
										"value": "minecraft:is_dyeable"
									}
								]
							},
							"event": "minecraft:on_sheared",
							"target": "self"
						}
					}
				]
			},
			"minecraft:leashable": {
				"soft_distance": 4,
				"hard_distance": 6,
				"max_distance": 10
			},
			"minecraft:balloonable": {
				"mass": 0.75
			},
			"minecraft:despawn": {
				"despawn_from_distance": {}
			},
			"minecraft:behavior.float": {
				"priority": 0
			},
			"minecraft:behavior.panic": {
				"priority": 1,
				"speed_multiplier": 1.25
			},
			"minecraft:behavior.mount_pathing": {
				"priority": 2,
				"speed_multiplier": 1.5,
				"target_dist": 0,
				"track_target": true
			},
			"minecraft:behavior.tempt": {
				"priority": 4,
				"speed_multiplier": 1.25,
				"items": [
					"wheat"
				]
			},
			"minecraft:behavior.follow_parent": {
				"priority": 5,
				"speed_multiplier": 1.1
			},
			"minecraft:behavior.eat_block": {
				"priority": 6,
				"success_chance": "query.is_baby?0.02:0.001",
				"time_until_eat": 1.8,
				"eat_and_replace_block_pairs": [
					{
						"eat_block": "grass",
						"replace_block": "dirt"
					},
					{
						"eat_block": "tallgrass",
						"replace_block": "air"
					},
					{
						"eat_block": "short_dry_grass",
						"replace_block": "air"
					},
					{
						"eat_block": "tall_dry_grass",
						"replace_block": "air"
					}
				],
				"on_eat": {
					"event": "minecraft:on_eat_block",
					"target": "self"
				}
			},
			"minecraft:behavior.random_stroll": {
				"priority": 7,
				"speed_multiplier": 0.8
			},
			"minecraft:behavior.look_at_player": {
				"priority": 8,
				"look_distance": 6,
				"probability": 0.02
			},
			"minecraft:behavior.random_look_around": {
				"priority": 9
			},
			"minecraft:physics": {},
			"minecraft:pushable": {
				"is_pushable": true,
				"is_pushable_by_piston": true
			},
			"minecraft:conditional_bandwidth_optimization": {}
		},
		"events": {
			"minecraft:entity_spawned": {
				"sequence": [
					{
						"randomize": [
							{
								"weight": 95,
								"remove": {},
								"trigger": "spawn_adult"
							},
							{
								"weight": 5,
								"remove": {},
								"trigger": "spawn_baby"
							}
						]
					},
					{
						"first_valid": [
							{
								"filters": {
									"test": "has_biome_tag",
									"value": "spawns_cold_variant_farm_animals"
								},
								"trigger": "minecraft:cold_color"
							},
							{
								"filters": {
									"test": "has_biome_tag",
									"value": "spawns_warm_variant_farm_animals"
								},
								"trigger": "minecraft:warm_color"
							},
							{
								"trigger": "minecraft:temperate_color"
							}
						]
					}
				]
			},
			"spawn_adult": {
				"add": {
					"component_groups": [
						"minecraft:sheep_adult",
						"minecraft:sheep_dyeable",
						"minecraft:rideable_wooly",
						"minecraft:loot_wooly"
					]
				}
			},
			"spawn_baby": {
				"add": {
					"component_groups": [
						"minecraft:sheep_baby",
						"minecraft:sheep_dyeable",
						"minecraft:rideable_sheared"
					]
				}
			},
			"minecraft:entity_born": {
				"remove": {},
				"add": {
					"component_groups": [
						"minecraft:sheep_baby",
						"minecraft:sheep_dyeable",
						"minecraft:rideable_sheared"
					]
				}
			},
			"minecraft:ageable_grow_up": {
				"remove": {
					"component_groups": [
						"minecraft:sheep_baby"
					]
				},
				"add": {
					"component_groups": [
						"minecraft:sheep_adult",
						"minecraft:rideable_wooly",
						"minecraft:loot_wooly"
					]
				}
			},
			"minecraft:on_sheared": {
				"remove": {
					"component_groups": [
						"minecraft:sheep_dyeable",
						"minecraft:loot_wooly"
					]
				},
				"add": {
					"component_groups": [
						"minecraft:sheep_sheared",
						"minecraft:rideable_sheared",
						"minecraft:loot_sheared"
					]
				}
			},
			"minecraft:on_eat_block": {
				"sequence": [
					{
						"remove": {
							"component_groups": [
								"minecraft:sheep_sheared"
							]
						},
						"add": {
							"component_groups": [
								"minecraft:sheep_dyeable"
							]
						}
					},
					{
						"filters": {
							"subject": "self",
							"test": "has_component",
							"operator": "!=",
							"value": "minecraft:is_baby"
						},
						"add": {
							"component_groups": [
								"minecraft:rideable_wooly",
								"minecraft:loot_wooly"
							]
						},
						"remove": {
							"component_groups": [
								"minecraft:loot_sheared"
							]
						}
					}
				]
			},
			"wololo": {
				"add": {
					"component_groups": [
						"minecraft:sheep_red"
					]
				}
			},
			"minecraft:temperate_color": {
				"randomize": [
					{
						"weight": 81836,
						"add": {
							"component_groups": [
								"minecraft:sheep_white"
							]
						}
					},
					{
						"weight": 5000,
						"add": {
							"component_groups": [
								"minecraft:sheep_black"
							]
						}
					},
					{
						"weight": 5000,
						"add": {
							"component_groups": [
								"minecraft:sheep_light_gray"
							]
						}
					},
					{
						"weight": 5000,
						"add": {
							"component_groups": [
								"minecraft:sheep_gray"
							]
						}
					},
					{
						"weight": 3000,
						"add": {
							"component_groups": [
								"minecraft:sheep_brown"
							]
						}
					},
					{
						"weight": 164,
						"add": {
							"component_groups": [
								"minecraft:sheep_pink"
							]
						}
					}
				]
			},
			"minecraft:cold_color": {
				"randomize": [
					{
						"weight": 81836,
						"add": {
							"component_groups": [
								"minecraft:sheep_black"
							]
						}
					},
					{
						"weight": 5000,
						"add": {
							"component_groups": [
								"minecraft:sheep_light_gray"
							]
						}
					},
					{
						"weight": 5000,
						"add": {
							"component_groups": [
								"minecraft:sheep_gray"
							]
						}
					},
					{
						"weight": 5000,
						"add": {
							"component_groups": [
								"minecraft:sheep_white"
							]
						}
					},
					{
						"weight": 3000,
						"add": {
							"component_groups": [
								"minecraft:sheep_brown"
							]
						}
					},
					{
						"weight": 164,
						"add": {
							"component_groups": [
								"minecraft:sheep_pink"
							]
						}
					}
				]
			},
			"minecraft:warm_color": {
				"randomize": [
					{
						"weight": 81836,
						"add": {
							"component_groups": [
								"minecraft:sheep_brown"
							]
						}
					},
					{
						"weight": 5000,
						"add": {
							"component_groups": [
								"minecraft:sheep_gray"
							]
						}
					},
					{
						"weight": 5000,
						"add": {
							"component_groups": [
								"minecraft:sheep_light_gray"
							]
						}
					},
					{
						"weight": 5000,
						"add": {
							"component_groups": [
								"minecraft:sheep_white"
							]
						}
					},
					{
						"weight": 3000,
						"add": {
							"component_groups": [
								"minecraft:sheep_black"
							]
						}
					},
					{
						"weight": 164,
						"add": {
							"component_groups": [
								"minecraft:sheep_pink"
							]
						}
					}
				]
			}
		}
	}
}